# Host: localhost  (Version: 5.5.40)
# Date: 2014-12-09 19:02:56
# Generator: MySQL-Front 5.3  (Build 4.175)

/*!40101 SET NAMES latin1 */;

#
# Structure for table "api_devices"
#

DROP TABLE IF EXISTS `api_devices`;
CREATE TABLE `api_devices` (
  `id` int(11) NOT NULL AUTO_INCREMENT,
  `did` varchar(250) NOT NULL,
  `user` varchar(250) NOT NULL,
  `platform` varchar(250) NOT NULL,
  `_id` varchar(250) NOT NULL,
  `_v` varchar(50) NOT NULL,
  `createdAt` datetime NOT NULL,
  PRIMARY KEY (`id`)
) ENGINE=InnoDB AUTO_INCREMENT=32 DEFAULT CHARSET=latin1;

#
# Data for table "api_devices"
#

INSERT INTO `api_devices` VALUES (1,'APA91bF_NyjpwVwHwijNj6S8AYHs8W9gB4HoAUrJMy6lCcP9qu5-M6EifVzfFmzb6YcBD5PlL-CCWcziJu8dSOO5Llr9TxBJdwvKlOPNuu9ZWFaKS82VgJXcDTYkU2Yy2ZoadgHhKjmRLy0fW27Q2hneSE8_qzf8L2gOnFM7pZH-HVBeS4wlw0A','545b2833b21e898413de9314','android','54731c22459afdfb3d337c7a','0','2014-11-24 11:53:06'),(2,'APA91bHP7l056o4JDemgy7pvhFEAzy49lU6nSTQIFXe9ubXyXoFpgSxWmX3NJBSLIsWD60weE5suuwoiO-bmuGQ4htroOntcKBqicxMx_nWEWF8_OiC3oNKJSs3P_jLJAgscx7yiDLZl91xemW-SvR2jnOGYrIYqlQ','545b2b06b21e898413de931d','android','546360652ea54e8a201ec486','0','2014-11-12 13:28:05'),(3,'APA91bGjZsxRkqeCukWkNulo6MAazEJbpwrXgngibG9OfsOno71edLZhAnS4XXsvk1Gqcun9rpGfT8kUSg5u84uxjtas27W8FlvOxWHvgxHa_zCF1WYdH-13zcWmoS6S7zO0QJKECM45LhRmJ8ZhlYuxkdVGtn34pGVWDcNEVX1ySuYrT4-DQGk','545b2e38b21e898413de9327','android','546ca95ef3e41f97032299c6','0','2014-11-19 14:29:50'),(4,'APA91bFRxirYHIko33D1LiHODpBd77IlRhebK4tMRWecFxb5E6nfWSMFarr5mlwmY9bPQP56DGP7cnli4_jOrS8Ynn3Y9w9uaRoESoEPglqR-rA-3phsh8UtSxMC5lNoOqIrohz3hBjzzpCH_vExwo6B5yV6Mb8jyg','545b6891d6be01755625b2c6','android','545b67c4d6be01755625b2c1','0','2014-11-06 12:21:24'),(5,'APA91bFRxirYHIko33D1LiHODpBd77IlRhebK4tMRWecFxb5E6nfWSMFarr5mlwmY9bPQP56DGP7cnli4_jOrS8Ynn3Y9w9uaRoESoEPglqR-rA-3phsh8UtSxMC5lNoOqIrohz3hBjzzpCH_vExwo6B5yV6Mb8jyg','545b69a5d6be01755625b2d2','android','545b67c4d6be01755625b2c1','0','2014-11-06 12:21:24'),(6,'APA91bFUsXOlACJJOQQHnZI8Yjwu-genvJwasewXEunwoGiMawBnvf1sa5GnK2NybsPLKzmb6ueBhV6JRys3gYI1E5Is5Ob27HodZXzxlyIuCexqxgDEDpm5ezIEcmqmfqgQ40uhVCoj2vfBLcNlCpXyDqL7jTvOwi99GWGBu8bFhonhQWbj2uI','545b6c1fd6be01755625b2e8','android','546af972f3e41f970322994b','0','2014-11-18 07:46:58'),(7,'APA91bHdXYIYoZ_AYXSh5bJLtqe7Xi6y6072gvpAjw-dKbuBsCs--5W8qJvoqclNIY33tvvwonbCl4FwRktM9EpFnv86HTP6CO6HWo8kW-t0Zq3XiyxA6EJ868jea2Z7b2rRST-8DmP5piZbnCP57_tWms0eHnRGNQ','545b70b9d6be01755625b329','android','545b7066d6be01755625b328','0','2014-11-06 12:58:14'),(8,'APA91bEyInz5uHu0ocWIR9ooidCqq1FqqFm58bqioi4lAdET8jwPCDlOlq0xQXgHec6rTbx4FyStwCP239Y8djGMC9YwkdggHeV7mVW55rVD47S1B_0l21tPQW1H9UwIkQQDdGFioNqcDO3v0L7mxIAs1tzQcBNEpQ','545cc3c85aa74f841c5c8051','android','5468db51cab50cb564374452','0','2014-11-16 17:13:53'),(9,'APA91bHBPH75kOO7GUu1zm-qyNtsqGwiAcoBJXbq-LfhAH4bx02AJhB9w6IpSynxPCBzMc3WZuH4bZjjs0q4o0J6uXe9cPxgq2K684zjtkLBsmtu1FHVQbG0T5s_P4T0CniapoxY_k9j3lWg54HLJXqjw-IGWDh3LA1gbLZ9PhsNni3XK-kEn3k','545d1b5e5aa74f841c5c8066','android','546e2a2ff3e41f97032299c7','0','2014-11-20 17:51:43'),(10,'APA91bH7nDIAgdMGRS5U-rupneDbLOQzaEDIfmqzaWE0bEEO1tKedaoF7-iJBo5FT2zyxI6YPTyd7sOWCaox4kdgxa43fVdYN47Xxmh-_1ORIJzRHWb100ZE2zHS5KUHo6TCven_5haICjO8DuyDCz6C53VHrcgVLB2il_7F77x6N5F-Y1YAxY8','545ddef75aa74f841c5c808f','android','54672970cab50cb56437441b','0','2014-11-15 10:22:40'),(11,'APA91bF1UQ8aUOgvamJ4pk24hqBDnu_rgh6awTchdlXzmTQ9m1r6t2F7YdapqzxO6TooQ_pe9EPtwX4gTmL-N01UG6PcetVYNW-XLmnrkSFbfdl3nZFIfJYlrb0nCP7Jfpbv59felJXAZ6H9BvJfFfhZ9JRmvmz-5g','546088b3fb06f6ae6d5b6c79','android','5460884ffb06f6ae6d5b6c78','0','2014-11-10 09:41:35'),(12,'APA91bEJb88yiETHGnzlJW7FKCq3Br5WCX47Hg8WmYai9GLu1SmPKUZb53X6avrLFaYXGWL-RatyRYuV6LnJ8gXP4vN9D-AQ2lHxFIDZ2jBLYC2uHhd5yW3Q1GJNFAYCYVK6ZDV4N344rU96Ev0_DsbY_FEjxWu8dQ','5460c9b9b26dae3150b24bd5','android','5468d630cab50cb564374451','0','2014-11-16 16:52:00'),(13,'APA91bF63fPrR4r5nNBz4lXTS9sOqWVp56aPJHZlscBZqSxYeb8uIj7IIX_I2iiC8htFmBqDd6p39Uc8EQ0BlU0stcKJPPcxScdvxTjeZC1fx6ptuvOdxbIo-b1C8Gz7VEzx_hVi3nRkepfwc9s0U_EfVALC-FRbAA','5460d2f1331f6b2e547ff740','android','5460d27d331f6b2e547ff73d','0','2014-11-10 14:58:05'),(14,'APA91bHp1tBNqj24X26SLxrKzwZfL7HpiVlw0sqK4YD9g829y0xJYOFeyqbnDXc6tpwphdqt_0cDbCsihgGIJ2UxPCYTbLVKRKvDyLRcXbkpPeW3_onxrvyB1thXg726fSYbdJE1XErMH2kvqSWrhTfdNLLQgnUpfw','546201a6ac3a146b11b4fb82','android','5461f84fac3a146b11b4fb15','0','2014-11-11 11:51:43'),(15,'APA91bEpdJXJ3Ov1nqPKy09tifhXA8QYMaS4rdX29DCoB1bJ9AHPuklCA1diGM52FO-U_eB2qmitNAk4qQfjC-k5x2Pmcczy8TiK6hxhsrqo2oZmN9gYDKijhM66jVRtWGS5iI-wDurIJLLjruBrotU1fHRLscBBX6u9WHZzDE4xWWsFTm8zsFU','54625062ac3a146b11b4fbc5','android','5469db7ff3e41f9703229946','0','2014-11-17 11:26:55'),(16,'APA91bGGnUEwpFvxliXvBGodVl1noJ5v5BRMfyt2f74IpwdjiS3SpLuxM3sF5-2CNUtQb3ewjKoYCEGJogVY6I4bYINcnG9I0Hgbg9nZa0_l9XbUrcNy2xgHXrxkrCXlgLjyd86hS8YN_V0kRvKgzofNyMEyeGSs6A','54632896ac3a146b11b4fc9d','android','54633813f92abe384d238a6b','0','2014-11-12 10:36:03'),(17,'APA91bHt6pCG6vHiKgBASXUFXAQ7xdMvZ9XYBSUWBgIRhDbGzkZqMRzeMTu4LOntieabwFSKuqOyEhJLjeyQTpYATTSiGPdHo6dF_QIwsGDRUpYbBwT6T3UaTf3k55r5FjEjwsYWdX-ADnKTVAxkDdAChoYWboqicA','5463aaa86aecaf283b193018','android','54631e67ac3a146b11b4fc0c','0','2014-11-12 08:46:31'),(18,'APA91bGGnUEwpFvxliXvBGodVl1noJ5v5BRMfyt2f74IpwdjiS3SpLuxM3sF5-2CNUtQb3ewjKoYCEGJogVY6I4bYINcnG9I0Hgbg9nZa0_l9XbUrcNy2xgHXrxkrCXlgLjyd86hS8YN_V0kRvKgzofNyMEyeGSs6A','546339acf92abe384d238a6c','android','54633813f92abe384d238a6b','0','2014-11-12 10:36:03'),(19,'APA91bF2REX8tgcpIUAH7wAqek0_TaE7sCijyA0DacMDNmo5woPI-c6-WG3InlLglOYs16zkRatuYeI05uXXbq7vCV8hr-uny-XlzdLJv4tY5M_ReZ4XQ_SPdlVdvD3xqeZA5_oHuGwYCjmgc0yqrpG3mJX_egCl9Q','5463724b2ea54e8a201ec4a6','android','5463724c2ea54e8a201ec4a7','0','2014-11-12 14:44:28'),(20,'APA91bHt6pCG6vHiKgBASXUFXAQ7xdMvZ9XYBSUWBgIRhDbGzkZqMRzeMTu4LOntieabwFSKuqOyEhJLjeyQTpYATTSiGPdHo6dF_QIwsGDRUpYbBwT6T3UaTf3k55r5FjEjwsYWdX-ADnKTVAxkDdAChoYWboqicA','5463b78b6aecaf283b193019','android','54631e67ac3a146b11b4fc0c','0','2014-11-12 08:46:31'),(21,'APA91bHt6pCG6vHiKgBASXUFXAQ7xdMvZ9XYBSUWBgIRhDbGzkZqMRzeMTu4LOntieabwFSKuqOyEhJLjeyQTpYATTSiGPdHo6dF_QIwsGDRUpYbBwT6T3UaTf3k55r5FjEjwsYWdX-ADnKTVAxkDdAChoYWboqicA','54645d5b6aecaf283b19301a','android','54631e67ac3a146b11b4fc0c','0','2014-11-12 08:46:31'),(22,'APA91bHt6pCG6vHiKgBASXUFXAQ7xdMvZ9XYBSUWBgIRhDbGzkZqMRzeMTu4LOntieabwFSKuqOyEhJLjeyQTpYATTSiGPdHo6dF_QIwsGDRUpYbBwT6T3UaTf3k55r5FjEjwsYWdX-ADnKTVAxkDdAChoYWboqicA','546465026aecaf283b19301b','android','54631e67ac3a146b11b4fc0c','0','2014-11-12 08:46:31'),(23,'APA91bHt6pCG6vHiKgBASXUFXAQ7xdMvZ9XYBSUWBgIRhDbGzkZqMRzeMTu4LOntieabwFSKuqOyEhJLjeyQTpYATTSiGPdHo6dF_QIwsGDRUpYbBwT6T3UaTf3k55r5FjEjwsYWdX-ADnKTVAxkDdAChoYWboqicA','54647ec46aecaf283b19301c','android','54631e67ac3a146b11b4fc0c','0','2014-11-12 08:46:31'),(24,'APA91bHt6pCG6vHiKgBASXUFXAQ7xdMvZ9XYBSUWBgIRhDbGzkZqMRzeMTu4LOntieabwFSKuqOyEhJLjeyQTpYATTSiGPdHo6dF_QIwsGDRUpYbBwT6T3UaTf3k55r5FjEjwsYWdX-ADnKTVAxkDdAChoYWboqicA','5464a0c5cab50cb5643743a5','android','54631e67ac3a146b11b4fc0c','0','2014-11-12 08:46:31'),(25,'APA91bHaXNhpKiYIgTrc1cJ7Olq7HHq3mIXIxJDMM9LSXfQZHEAd-NBttP76Jj0ojYf-pL3G-7QgEVFXpqX3bEYqp42BNKGNYv6k9RB3j6nZevieLSDFLktEVZQELkkqDkRANLeEoiDJ9qdyMufs4c10bMLfB7r2tQ','5465abb0cab50cb5643743cf','android','5465abb1cab50cb5643743d0','0','2014-11-14 07:13:53'),(26,'APA91bHaXNhpKiYIgTrc1cJ7Olq7HHq3mIXIxJDMM9LSXfQZHEAd-NBttP76Jj0ojYf-pL3G-7QgEVFXpqX3bEYqp42BNKGNYv6k9RB3j6nZevieLSDFLktEVZQELkkqDkRANLeEoiDJ9qdyMufs4c10bMLfB7r2tQ','5465b0dfcab50cb5643743d1','android','5465abb1cab50cb5643743d0','0','2014-11-14 07:13:53'),(27,'APA91bEnXW_-TNcktXtGgvQdHZdDvMIpugiPcy9oUmcs26uWQKDM3B94NJeCyqONakN7RLhaUS1001tPmfHyKeC3F-YV20RVdqz0LqlHajBnki_lIzd2pUaCQexxrE4GxvjUEVBp-c5ZQjjszGUEAEti47Eul_yl4g','5465c296cab50cb5643743f2','android','5465c298cab50cb5643743f3','0','2014-11-14 08:51:36'),(28,'APA91bEQDux0Ooik_lo88c06dNlfTO70aiVOC5BTQY9k5eN9LrAQGIbP64jZVTYjyh4w5m1b9_fL8O0MnA-4-W1vj5l1xr7bCvq903mG1wkfrYY0IZ8vKSFlEiAB9IUQJ-VUz34yLRPqmuc1isuOgvzNo-dfaOjiJg','5465dbeecab50cb564374413','android','5465d37bcab50cb564374412','0','2014-11-14 10:03:39'),(29,'APA91bEyInz5uHu0ocWIR9ooidCqq1FqqFm58bqioi4lAdET8jwPCDlOlq0xQXgHec6rTbx4FyStwCP239Y8djGMC9YwkdggHeV7mVW55rVD47S1B_0l21tPQW1H9UwIkQQDdGFioNqcDO3v0L7mxIAs1tzQcBNEpQ','5468e55dcab50cb564374453','android','5468db51cab50cb564374452','0','2014-11-16 17:13:53'),(30,'APA91bEyInz5uHu0ocWIR9ooidCqq1FqqFm58bqioi4lAdET8jwPCDlOlq0xQXgHec6rTbx4FyStwCP239Y8djGMC9YwkdggHeV7mVW55rVD47S1B_0l21tPQW1H9UwIkQQDdGFioNqcDO3v0L7mxIAs1tzQcBNEpQ','54690ee26652d660396aa5d7','android','5468db51cab50cb564374452','0','2014-11-16 17:13:53'),(31,'APA91bHVd_lHeLPbJVx1dBqL27DmGk63Aw4YLYZURhA1MQrqlG8Sd-mwRgsj6GqlzMYa3VV1Spv0xLWv_gxLWT8Z2dlmx4ppokVuza_-Sx7Kgn8ih7ncB2Orl3qJAwvp2DOmWEFz45f8Ygciyil0GTkYwX1S0MOXS62yH-ERgYj-PRQPrMA7aYw','5469d269f3e41f9703229922','android','5469a88bf3e41f97032298d2','0','2014-11-17 07:49:31');

#
# Structure for table "api_membership"
#

DROP TABLE IF EXISTS `api_membership`;
CREATE TABLE `api_membership` (
  `id` int(11) NOT NULL AUTO_INCREMENT,
  `_id` varchar(250) NOT NULL,
  `store` varchar(250) NOT NULL,
  `user` varchar(250) NOT NULL,
  `stamp_count` varchar(50) NOT NULL,
  `last_visit` datetime NOT NULL,
  `state` varchar(250) NOT NULL,
  `membership` varchar(225) NOT NULL,
  PRIMARY KEY (`id`)
) ENGINE=InnoDB AUTO_INCREMENT=106 DEFAULT CHARSET=latin1;

#
# Data for table "api_membership"
#

INSERT INTO `api_membership` VALUES (1,'545b2ba6b21e898413de9321','545b297cb21e898413de9319','545b2833b21e898413de9314','14','2014-11-17 11:15:14','1','1'),(2,'545b2c47b21e898413de9324','545b297cb21e898413de9319','545b2b06b21e898413de931d','0','2014-11-06 08:07:35','1','1'),(3,'545b3551b21e898413de9336','545b29ecb21e898413de931b','545b2e38b21e898413de9327','5','2014-11-06 09:03:53','1','1'),(4,'545b35dbb21e898413de9347','545b297cb21e898413de9319','545b2e38b21e898413de9327','4','2014-11-17 11:30:24','1','1'),(5,'545b5a5fd6be01755625b253','545b57d57a795e871c63cc62','545b2e38b21e898413de9327','2','2014-11-11 16:59:13','1','1'),(6,'545b5a83d6be01755625b255','545b29ecb21e898413de931b','545b2833b21e898413de9314','3','2014-11-11 08:39:32','1','1'),(7,'545b5a84d6be01755625b257','545b405cb21e898413de9350','545b2833b21e898413de9314','0','2014-11-06 11:24:52','1','1'),(8,'545b5a85d6be01755625b259','545b57d57a795e871c63cc62','545b2833b21e898413de9314','1','2014-11-11 10:46:41','1','1'),(9,'545b5af5d6be01755625b25b','545b405cb21e898413de9350','545b2e38b21e898413de9327','0','2014-11-06 11:26:45','1','1'),(10,'545b5c8bd6be01755625b272','545b5bc0d6be01755625b262','545b2e38b21e898413de9327','6','2014-11-06 11:35:03','1','1'),(11,'545b5eebd6be01755625b29c','545b5debd6be01755625b282','545b2e38b21e898413de9327','7','2014-11-06 11:44:43','1','1'),(12,'545b6320d6be01755625b2ba','545b5bc0d6be01755625b262','545b2833b21e898413de9314','2','2014-11-11 08:37:57','1','1'),(13,'545b6322d6be01755625b2bc','545b5debd6be01755625b282','545b2833b21e898413de9314','12','2014-11-19 12:48:43','1','1'),(14,'545b69ccd6be01755625b2d9','545b297cb21e898413de9319','545b6891d6be01755625b2c6','0','2014-11-06 12:30:04','1','1'),(15,'545b69e2d6be01755625b2db','545b297cb21e898413de9319','545b69a5d6be01755625b2d2','0','2014-11-06 12:30:26','1','1'),(16,'545b6c2bd6be01755625b2eb','545b297cb21e898413de9319','545b6c1fd6be01755625b2e8','1','2014-11-07 09:39:26','1','1'),(17,'545b6c2cd6be01755625b2ed','545b29ecb21e898413de931b','545b6c1fd6be01755625b2e8','0','2014-11-06 12:40:12','1','1'),(18,'545b6c2cd6be01755625b2ef','545b405cb21e898413de9350','545b6c1fd6be01755625b2e8','0','2014-11-06 12:40:12','1','1'),(19,'545b6c2dd6be01755625b2f1','545b57d57a795e871c63cc62','545b6c1fd6be01755625b2e8','0','2014-11-06 12:40:13','1','1'),(20,'545b6c2ed6be01755625b2f3','545b5bc0d6be01755625b262','545b6c1fd6be01755625b2e8','0','2014-11-06 12:40:14','1','1'),(21,'545b6c2fd6be01755625b2f5','545b5debd6be01755625b282','545b6c1fd6be01755625b2e8','0','2014-11-06 12:40:15','1','1'),(22,'545b70c3d6be01755625b32b','545b297cb21e898413de9319','545b70b9d6be01755625b329','0','2014-11-06 12:59:47','1','1'),(23,'545ca0eb208abc986a998d74','545b297cb21e898413de9319','54524fd5dbaea6aa4c626249','5','2014-11-11 08:07:26','1','1'),(24,'545cc4065aa74f841c5c8053','545b57d57a795e871c63cc62','545cc3c85aa74f841c5c8051','2','2014-11-13 14:04:04','1','1'),(25,'545cda2f5aa74f841c5c805f','545b297cb21e898413de9319','545b2833b21e898413de9314','0','2014-11-07 14:41:51','1','1'),(26,'545ce7b55aa74f841c5c8062','545b5debd6be01755625b282','54535577dbaea6aa4c626281','0','2014-11-07 15:39:33','1','1'),(27,'545cecc15aa74f841c5c8064','545b297cb21e898413de9319','545cc3c85aa74f841c5c8051','1','2014-11-13 14:05:05','1','1'),(28,'545d1bf45aa74f841c5c8069','545b405cb21e898413de9350','545d1b5e5aa74f841c5c8066','0','2014-11-07 19:22:28','1','1'),(29,'545d1bf95aa74f841c5c806b','545b57d57a795e871c63cc62','545d1b5e5aa74f841c5c8066','0','2014-11-07 19:22:33','1','1'),(30,'545d1c625aa74f841c5c806d','545b297cb21e898413de9319','545d1b5e5aa74f841c5c8066','1','2014-11-07 19:38:01','1','1'),(31,'545d269b5aa74f841c5c8071','545b29ecb21e898413de931b','545d1b5e5aa74f841c5c8066','0','2014-11-07 20:07:55','1','1'),(32,'545dcdfc5aa74f841c5c808e','545b405cb21e898413de9350','545b2833b21e898413de9314','0','2014-11-08 08:02:04','1','1'),(33,'545dea7d5aa74f841c5c80a0','545b297cb21e898413de9319','545b2b06b21e898413de931d','0','2014-11-08 10:03:41','1','1'),(34,'545e1c7afb06f6ae6d5b6c54','545b297cb21e898413de9319','545ddef75aa74f841c5c808f','0','2014-11-08 13:36:58','1','1'),(35,'545e1c7cfb06f6ae6d5b6c56','545b405cb21e898413de9350','545ddef75aa74f841c5c808f','0','2014-11-08 13:37:00','1','1'),(36,'545e2410fb06f6ae6d5b6c58','545b5bc0d6be01755625b262','545ddef75aa74f841c5c808f','0','2014-11-08 14:09:20','1','1'),(37,'54608ab9fb06f6ae6d5b6c7d','545b297cb21e898413de9319','546088b3fb06f6ae6d5b6c79','1','2014-11-10 09:51:53','1','1'),(38,'54608becfb06f6ae6d5b6c81','545b29ecb21e898413de931b','546088b3fb06f6ae6d5b6c79','2','2014-11-10 09:57:08','1','1'),(39,'54609844fb06f6ae6d5b6ca0','545b405cb21e898413de9350','546088b3fb06f6ae6d5b6c79','0','2014-11-10 10:49:40','1','1'),(40,'54609f464c390e1e483d59f0','545b5bc0d6be01755625b262','546088b3fb06f6ae6d5b6c79','0','2014-11-10 11:19:34','1','1'),(41,'5460d2b5331f6b2e547ff73f','545b297cb21e898413de9319','5460c9b9b26dae3150b24bd5','0','2014-11-10 14:59:01','1','1'),(42,'5460e21a331f6b2e547ff773','545b405cb21e898413de9350','5460c9b9b26dae3150b24bd5','0','2014-11-10 16:04:42','1','1'),(43,'5460e21b331f6b2e547ff775','545b57d57a795e871c63cc62','5460c9b9b26dae3150b24bd5','0','2014-11-10 16:04:43','1','1'),(44,'5460e21c331f6b2e547ff777','545b5bc0d6be01755625b262','5460c9b9b26dae3150b24bd5','0','2014-11-10 16:04:44','1','1'),(45,'5460e21c331f6b2e547ff779','545b29ecb21e898413de931b','5460c9b9b26dae3150b24bd5','0','2014-11-10 16:04:44','1','1'),(46,'5460e21d331f6b2e547ff77b','545b5debd6be01755625b282','5460c9b9b26dae3150b24bd5','0','2014-11-10 16:04:45','1','1'),(47,'5460f555331f6b2e547ff77d','545b297cb21e898413de9319','5460d2f1331f6b2e547ff740','0','2014-11-10 17:26:45','1','1'),(48,'5460f558331f6b2e547ff77f','545b29ecb21e898413de931b','5460d2f1331f6b2e547ff740','0','2014-11-10 17:26:48','1','1'),(49,'5460f559331f6b2e547ff781','545b405cb21e898413de9350','5460d2f1331f6b2e547ff740','0','2014-11-10 17:26:49','1','1'),(50,'5460f55a331f6b2e547ff783','545b57d57a795e871c63cc62','5460d2f1331f6b2e547ff740','0','2014-11-10 17:26:50','1','1'),(51,'5460f55d331f6b2e547ff785','545b5bc0d6be01755625b262','5460d2f1331f6b2e547ff740','0','2014-11-10 17:26:53','1','1'),(52,'5460f55f331f6b2e547ff787','545b5debd6be01755625b282','5460d2f1331f6b2e547ff740','0','2014-11-10 17:26:55','1','1'),(53,'5461b205ac3a146b11b4fa6e','545b5debd6be01755625b282','546088b3fb06f6ae6d5b6c79','0','2014-11-11 06:51:49','1','1'),(54,'5461c4e8ac3a146b11b4faa9','545b5bc0d6be01755625b262','54524fd5dbaea6aa4c626249','1','2014-11-11 08:12:24','1','1'),(55,'5461cb8bac3a146b11b4fab1','545b297cb21e898413de9319','545b2e38b21e898413de9327','0','2014-11-11 08:40:43','1','1'),(56,'5462054bac3a146b11b4fb84','545b405cb21e898413de9350','546201a6ac3a146b11b4fb82','0','2014-11-11 12:47:07','1','1'),(57,'54622382ac3a146b11b4fb8e','5462224eac3a146b11b4fb8a','545b2e38b21e898413de9327','1','2014-11-11 15:01:15','1','1'),(58,'5462279aac3a146b11b4fb9e','5462269bac3a146b11b4fb95','545b2e38b21e898413de9327','1','2014-11-11 15:13:30','1','1'),(59,'5462506cac3a146b11b4fbc7','545b297cb21e898413de9319','54625062ac3a146b11b4fbc5','1','2014-11-17 11:27:11','1','1'),(60,'5462506dac3a146b11b4fbc9','545b29ecb21e898413de931b','54625062ac3a146b11b4fbc5','0','2014-11-11 18:07:41','1','1'),(61,'5462506dac3a146b11b4fbcb','545b405cb21e898413de9350','54625062ac3a146b11b4fbc5','0','2014-11-11 18:07:41','1','1'),(62,'54630b33ac3a146b11b4fbdc','545b29ecb21e898413de931b','545ddef75aa74f841c5c808f','0','2014-11-12 07:24:35','1','1'),(63,'54630b38ac3a146b11b4fbde','545b57d57a795e871c63cc62','545ddef75aa74f841c5c808f','0','2014-11-12 07:24:40','1','1'),(64,'54630b3fac3a146b11b4fbe0','545b5debd6be01755625b282','545ddef75aa74f841c5c808f','0','2014-11-12 07:24:47','1','1'),(65,'54630b41ac3a146b11b4fbe2','5462224eac3a146b11b4fb8a','545ddef75aa74f841c5c808f','0','2014-11-12 07:24:49','1','1'),(66,'54630b41ac3a146b11b4fbe4','5462269bac3a146b11b4fb95','545ddef75aa74f841c5c808f','0','2014-11-12 07:24:49','1','1'),(67,'54631c0bac3a146b11b4fbe7','5462224eac3a146b11b4fb8a','545b2833b21e898413de9314','3','2014-11-12 13:49:50','1','1'),(68,'546339b0f92abe384d238a6e','545b297cb21e898413de9319','546339acf92abe384d238a6c','7','2014-11-13 14:42:13','1','1'),(69,'546339b0f92abe384d238a70','545b29ecb21e898413de931b','546339acf92abe384d238a6c','0','2014-11-12 10:42:56','1','1'),(70,'546339b1f92abe384d238a72','545b405cb21e898413de9350','546339acf92abe384d238a6c','0','2014-11-12 10:42:57','1','1'),(71,'546339b2f92abe384d238a74','545b57d57a795e871c63cc62','546339acf92abe384d238a6c','0','2014-11-12 10:42:58','1','1'),(72,'546339b3f92abe384d238a76','545b5bc0d6be01755625b262','546339acf92abe384d238a6c','0','2014-11-12 10:42:59','1','1'),(73,'54633deaf92abe384d238a9a','5462269bac3a146b11b4fb95','546339acf92abe384d238a6c','1','2014-11-12 11:00:58','1','1'),(74,'54633e1ef92abe384d238a9e','5462269bac3a146b11b4fb95','545b2833b21e898413de9314','4','2014-11-21 11:19:48','1','1'),(75,'54636ead2ea54e8a201ec4a2','5462224eac3a146b11b4fb8a','545b2b06b21e898413de931d','2','2014-11-12 14:29:20','1','1'),(76,'546372552ea54e8a201ec4ab','5462224eac3a146b11b4fb8a','5463724b2ea54e8a201ec4a6','1','2014-11-12 14:44:37','1','1'),(77,'546388f36aecaf283b19300c','545b29ecb21e898413de931b','545b2b06b21e898413de931d','0','2014-11-12 16:21:07','1','1'),(78,'546388f46aecaf283b19300e','545b405cb21e898413de9350','545b2b06b21e898413de931d','0','2014-11-12 16:21:08','1','1'),(79,'546388f66aecaf283b193010','545b5debd6be01755625b282','545b2b06b21e898413de931d','0','2014-11-12 16:21:10','1','1'),(80,'546388f66aecaf283b193012','545b5bc0d6be01755625b262','545b2b06b21e898413de931d','0','2014-11-12 16:21:10','1','1'),(81,'546388f76aecaf283b193014','5462269bac3a146b11b4fb95','545b2b06b21e898413de931d','0','2014-11-12 16:21:11','1','1'),(82,'5464a15ecab50cb5643743a7','545b57d57a795e871c63cc62','5464a0c5cab50cb5643743a5','0','2014-11-13 12:17:34','1','1'),(83,'5464a2a7cab50cb5643743a9','545b5debd6be01755625b282','5464a0c5cab50cb5643743a5','0','2014-11-13 12:23:03','1','1'),(84,'5464a2e8cab50cb5643743ab','545b297cb21e898413de9319','5464a0c5cab50cb5643743a5','0','2014-11-13 12:24:08','1','1'),(85,'5464bf82cab50cb5643743b9','545b29ecb21e898413de931b','545cc3c85aa74f841c5c8051','0','2014-11-13 14:26:10','1','1'),(86,'5464bf86cab50cb5643743bb','545b405cb21e898413de9350','545cc3c85aa74f841c5c8051','0','2014-11-13 14:26:14','1','1'),(87,'5464c03acab50cb5643743bd','545b5bc0d6be01755625b262','545cc3c85aa74f841c5c8051','0','2014-11-13 14:29:14','1','1'),(88,'5464c03bcab50cb5643743bf','5462224eac3a146b11b4fb8a','545cc3c85aa74f841c5c8051','0','2014-11-13 14:29:15','1','1'),(89,'5464c03bcab50cb5643743c1','5462269bac3a146b11b4fb95','545cc3c85aa74f841c5c8051','0','2014-11-13 14:29:15','1','1'),(90,'5464c03dcab50cb5643743c3','545b5debd6be01755625b282','545cc3c85aa74f841c5c8051','0','2014-11-13 14:29:17','1','1'),(91,'5464f0fecab50cb5643743c9','545b57d57a795e871c63cc62','54625062ac3a146b11b4fbc5','0','2014-11-13 17:57:18','1','1'),(92,'5464f258cab50cb5643743cb','545b5debd6be01755625b282','54625062ac3a146b11b4fbc5','0','2014-11-13 18:03:04','1','1'),(93,'5464f35ccab50cb5643743cd','545b5bc0d6be01755625b262','54625062ac3a146b11b4fbc5','0','2014-11-13 18:07:24','1','1'),(94,'5465dc19cab50cb564374415','545b29ecb21e898413de931b','5465dbeecab50cb564374413','0','2014-11-14 10:40:25','1','1'),(95,'54660963cab50cb564374417','5462224eac3a146b11b4fb8a','54625062ac3a146b11b4fbc5','0','2014-11-14 13:53:39','1','1'),(96,'54660964cab50cb564374419','5462269bac3a146b11b4fb95','54625062ac3a146b11b4fbc5','0','2014-11-14 13:53:40','1','1'),(97,'54673800cab50cb56437443b','545b29ecb21e898413de931b','545b69a5d6be01755625b2d2','0','2014-11-15 11:24:48','1','1'),(98,'54673c4acab50cb56437443d','545b405cb21e898413de9350','545b2e38b21e898413de9327','0','2014-11-15 11:43:06','1','1'),(99,'5468e598cab50cb564374455','545b297cb21e898413de9319','5468e55dcab50cb564374453','1','2014-11-16 18:50:01','1','1'),(100,'5468e59acab50cb564374457','545b405cb21e898413de9350','5468e55dcab50cb564374453','0','2014-11-16 17:57:46','1','1'),(101,'5468e83fcab50cb564374459','545b57d57a795e871c63cc62','5468e55dcab50cb564374453','1','2014-11-17 10:36:03','1','1'),(102,'5469d01ff3e41f970322991d','545b5bc0d6be01755625b262','5468e55dcab50cb564374453','0','2014-11-17 10:38:23','1','1'),(103,'5469d09ef3e41f970322991f','545b5debd6be01755625b282','5468e55dcab50cb564374453','0','2014-11-17 10:40:30','1','1'),(104,'5469d0a0f3e41f9703229921','545b29ecb21e898413de931b','5468e55dcab50cb564374453','0','2014-11-17 10:40:32','1','1'),(105,'546e2a42f3e41f97032299c9','5462269bac3a146b11b4fb95','545d1b5e5aa74f841c5c8066','0','2014-11-20 17:52:02','1','1');

#
# Structure for table "api_organisation"
#

DROP TABLE IF EXISTS `api_organisation`;
CREATE TABLE `api_organisation` (
  `id` int(11) NOT NULL AUTO_INCREMENT,
  `_id` varchar(250) NOT NULL,
  `name` varchar(250) NOT NULL,
  `description` longtext NOT NULL,
  `code` varchar(100) NOT NULL,
  PRIMARY KEY (`id`)
) ENGINE=InnoDB AUTO_INCREMENT=5 DEFAULT CHARSET=latin1;

#
# Data for table "api_organisation"
#

INSERT INTO `api_organisation` VALUES (1,'545b28e5b21e898413de9315','Siaa','Fine dinning','10001'),(2,'545b2917b21e898413de9317','STARBUCKS','Plot 566, Road No 92, Jubilee Hills, Hyderabad','10002'),(3,'545b3f8fb21e898413de934e','Ohri','Multi-format restaurant chain','10003'),(4,'546220bdac3a146b11b4fb88','BBBBBBBBBBBBBBBBBBBBBBBBBBBBBBBBBBBBBBBBBBBBBBBBBBBBBBBBBBBBBBBBBBBBBBBBBBBBBBBBBBBBBBBBBBBBBBBBB','BBBBBBBBBBBBBBBBBBBBBBBBBBBBBBBBBBBBBBBBBBBBBBBBBBBBBBBBBBBBBBBBBBBBBBBBBBBBBB','10004');

#
# Structure for table "api_rewards"
#

DROP TABLE IF EXISTS `api_rewards`;
CREATE TABLE `api_rewards` (
  `id` int(11) NOT NULL AUTO_INCREMENT,
  `_id` varchar(250) NOT NULL,
  `user` varchar(250) NOT NULL,
  `stamp_card` varchar(250) NOT NULL,
  `store` varchar(250) NOT NULL,
  `redeem_status` varchar(250) NOT NULL,
  `created` datetime NOT NULL,
  `code` varchar(50) NOT NULL,
  `description` longtext NOT NULL,
  `title` longtext NOT NULL,
  PRIMARY KEY (`id`)
) ENGINE=InnoDB AUTO_INCREMENT=63 DEFAULT CHARSET=latin1;

#
# Data for table "api_rewards"
#

INSERT INTO `api_rewards` VALUES (1,'545b3551b21e898413de9334','545b2e38b21e898413de9327','545b3551b21e898413de9333','545b29ecb21e898413de931b','True','2014-11-06 08:46:09','1-1','Free coffee!','Get a Star check in!'),(2,'545b3570b21e898413de9338','545b2e38b21e898413de9327','545b3551b21e898413de9333','545b29ecb21e898413de931b','True','2014-11-06 08:46:40','1-3','2 free coffees!','Get a free date!'),(3,'545b35dbb21e898413de9345','545b2e38b21e898413de9327','545b35dbb21e898413de9344','545b297cb21e898413de9319','True','2014-11-06 08:48:27','1-1','Get free mocktail on 1st stamp!','Check In!'),(4,'545b396ab21e898413de934b','545b2e38b21e898413de9327','545b396ab21e898413de934a','545b29ecb21e898413de931b','False','2014-11-06 09:03:38','1-1','Free coffee!','Get a Star check in!'),(5,'545b5c8bd6be01755625b270','545b2e38b21e898413de9327','545b5c8bd6be01755625b26f','545b5bc0d6be01755625b262','True','2014-11-06 11:33:31','3-1','Get a free appetizer!','check in Chowpatti!'),(6,'545b5cadd6be01755625b274','545b2e38b21e898413de9327','545b5c8bd6be01755625b26f','545b5bc0d6be01755625b262','False','2014-11-06 11:34:05','3-3','Get a free starter!','Tryst with 3!'),(7,'545b5ccad6be01755625b277','545b2e38b21e898413de9327','545b5c8bd6be01755625b26f','545b5bc0d6be01755625b262','False','2014-11-06 11:34:34','3-5','Get one drink + starter free','Favorite delights with 5!'),(8,'545b5ce7d6be01755625b27a','545b2e38b21e898413de9327','545b5ce7d6be01755625b279','545b5bc0d6be01755625b262','False','2014-11-06 11:35:03','3-1','Get a free appetizer!','check in Chowpatti!'),(9,'545b5eebd6be01755625b29a','545b2e38b21e898413de9327','545b5eebd6be01755625b299','545b5debd6be01755625b282','False','2014-11-06 11:43:39','4-1','Get a free mocktail!','check in Empire!'),(10,'545b5f06d6be01755625b29e','545b2e38b21e898413de9327','545b5eebd6be01755625b299','545b5debd6be01755625b282','True','2014-11-06 11:44:06','4-3','Get free Starter!','Tell a tale with 3!'),(11,'545b5f18d6be01755625b2a1','545b2e38b21e898413de9327','545b5eebd6be01755625b299','545b5debd6be01755625b282','False','2014-11-06 11:44:24','4-5','Get a combo of a drink and a starter.','5 Star Delights!'),(12,'545b5f2bd6be01755625b2a4','545b2e38b21e898413de9327','545b5eebd6be01755625b299','545b5debd6be01755625b282','True','2014-11-06 11:44:43','4-7','Get one combo + dessert free.','Try lucky number 7!'),(13,'545b7de81766aeff75e51f6e','545b2833b21e898413de9314','545b5a83d6be01755625b254','545b29ecb21e898413de931b','True','2014-11-06 13:55:52','1-1','Free coffee!','Get a Star check in!'),(14,'545c9347208abc986a998d67','545b2833b21e898413de9314','545b2ba6b21e898413de9320','545b297cb21e898413de9319','True','2014-11-07 09:39:19','1-1','Get free mocktail on 1st stamp!','Check In!'),(15,'545c934e208abc986a998d69','545b6c1fd6be01755625b2e8','545b6c2bd6be01755625b2ea','545b297cb21e898413de9319','False','2014-11-07 09:39:26','1-1','Get free mocktail on 1st stamp!','Check In!'),(16,'545c9363208abc986a998d6c','545b2833b21e898413de9314','545c9363208abc986a998d6b','545b297cb21e898413de9319','True','2014-11-07 09:39:47','1-1','Get free mocktail on 1st stamp!','Check In!'),(17,'545c984a208abc986a998d70','545b2833b21e898413de9314','545b6322d6be01755625b2bb','545b5debd6be01755625b282','True','2014-11-07 10:00:42','4-1','Get a free mocktail!','check in Empire!'),(18,'545d1f995aa74f841c5c806e','545d1b5e5aa74f841c5c8066','545d1c625aa74f841c5c806c','545b297cb21e898413de9319','True','2014-11-07 19:38:01','1-1','Get free mocktail on 1st stamp!','Check In!'),(19,'54607a19fb06f6ae6d5b6c5a','545b2833b21e898413de9314','545b6322d6be01755625b2bb','545b5debd6be01755625b282','True','2014-11-10 08:40:57','4-3','Get free Starter!','Tell a tale with 3!'),(20,'54608ab9fb06f6ae6d5b6c7b','546088b3fb06f6ae6d5b6c79','54608ab9fb06f6ae6d5b6c7a','545b297cb21e898413de9319','True','2014-11-10 09:51:53','1-1','Get free mocktail on 1st stamp!','Check In!'),(21,'54608becfb06f6ae6d5b6c7f','546088b3fb06f6ae6d5b6c79','54608becfb06f6ae6d5b6c7e','545b29ecb21e898413de931b','False','2014-11-10 09:57:00','1-1','Free coffee!','Get a Star check in!'),(22,'5461c1d9ac3a146b11b4fa99','54524fd5dbaea6aa4c626249','5461c1d9ac3a146b11b4fa98','545b297cb21e898413de9319','False','2014-11-11 07:59:21','1-1','Get free mocktail on 1st stamp!','Check In!'),(23,'5461c1f2ac3a146b11b4fa9c','54524fd5dbaea6aa4c626249','5461c1f2ac3a146b11b4fa9b','545b297cb21e898413de9319','False','2014-11-11 07:59:46','1-1','Get free mocktail on 1st stamp!','Check In!'),(24,'5461c205ac3a146b11b4fa9f','54524fd5dbaea6aa4c626249','5461c205ac3a146b11b4fa9e','545b297cb21e898413de9319','False','2014-11-11 08:00:05','1-1','Get free mocktail on 1st stamp!','Check In!'),(25,'5461c2eaac3a146b11b4faa3','54524fd5dbaea6aa4c626249','5461c2eaac3a146b11b4faa2','545b297cb21e898413de9319','False','2014-11-11 08:03:54','Siaa9-1','Free Coffee','Welcome Offer'),(26,'5461c4e8ac3a146b11b4faa7','54524fd5dbaea6aa4c626249','5461c4e8ac3a146b11b4faa6','545b5bc0d6be01755625b262','False','2014-11-11 08:12:24','3-1','Get a free appetizer!','check in Chowpatti!'),(27,'5461ca50ac3a146b11b4faab','545b2833b21e898413de9314','545b6320d6be01755625b2b9','545b5bc0d6be01755625b262','True','2014-11-11 08:35:28','3-1','Get a free appetizer!','check in Chowpatti!'),(28,'5461cb44ac3a146b11b4faae','545b2833b21e898413de9314','545b5a83d6be01755625b254','545b29ecb21e898413de931b','True','2014-11-11 08:39:32','1-3','2 free coffees!','Get a free date!'),(29,'5461e911ac3a146b11b4fab3','545b2833b21e898413de9314','545b5a85d6be01755625b258','545b57d57a795e871c63cc62','True','2014-11-11 10:46:41','2-1','free lassi or cocktail','check in kingdom!'),(30,'546224bbac3a146b11b4fb93','545b2e38b21e898413de9327','54622382ac3a146b11b4fb8d','5462224eac3a146b11b4fb8a','True','2014-11-11 15:01:15','B1-1','BBBBBBBBBBBBBBBBBBBBBBBBBBBBBBBBBBBBBBBBBBBBBBBB','BBBBBBBBBBBBBBBBBBBBBBBBB'),(31,'5462279aac3a146b11b4fb9c','545b2e38b21e898413de9327','5462279aac3a146b11b4fb9b','5462269bac3a146b11b4fb95','False','2014-11-11 15:13:30','B2-1','BBBBBBBBBBBBBBBBBBBBBBBBBBB','BbbbbBbbbbBbbbbBbbbbBbbbb'),(32,'54623f7cac3a146b11b4fb9f','545b2e38b21e898413de9327','545b5a5fd6be01755625b252','545b57d57a795e871c63cc62','False','2014-11-11 16:55:24','2-1','free lassi or cocktail','check in kingdom!'),(33,'54633bf3f92abe384d238a83','546339acf92abe384d238a6c','546339b0f92abe384d238a6d','545b297cb21e898413de9319','True','2014-11-12 10:52:35','Siaa9-1','Free Coffee','Welcome Offer'),(34,'54633deaf92abe384d238a98','546339acf92abe384d238a6c','54633deaf92abe384d238a97','5462269bac3a146b11b4fb95','True','2014-11-12 11:00:58','B2-1','BBBBBBBBBBBBBBBBBBBBBBBBBBB','BbbbbBbbbbBbbbbBbbbbBbbbb'),(35,'54633e1ef92abe384d238a9c','545b2833b21e898413de9314','54633e1ef92abe384d238a9b','5462269bac3a146b11b4fb95','True','2014-11-12 11:01:50','B2-1','BBBBBBBBBBBBBBBBBBBBBBBBBBB','BbbbbBbbbbBbbbbBbbbbBbbbb'),(36,'546346d7f92abe384d238a9f','545b2833b21e898413de9314','545cda2f5aa74f841c5c805e','545b297cb21e898413de9319','True','2014-11-12 11:39:03','1-1','Free Coffee','Welcome Offer'),(37,'5463640f2ea54e8a201ec496','545b2833b21e898413de9314','54631c0bac3a146b11b4fbe6','5462224eac3a146b11b4fb8a','True','2014-11-12 13:43:43','B1-1','BBBBBBBBBBBBBBBBBBBBBBBBBBBBBBBBBBBBBBBBBBBBBBBB','BBBBBBBBBBBBBBBBBBBBBBBBB'),(38,'5463645e2ea54e8a201ec499','545b2833b21e898413de9314','5463645e2ea54e8a201ec498','5462224eac3a146b11b4fb8a','True','2014-11-12 13:45:02','B1-1','BBBBBBBBBBBBBBBBBBBBBBBBBBBBBBBBBBBBBBBBBBBBBBBB','BBBBBBBBBBBBBBBBBBBBBBBBB'),(39,'5463657e2ea54e8a201ec49c','545b2833b21e898413de9314','5463657e2ea54e8a201ec49b','5462224eac3a146b11b4fb8a','True','2014-11-12 13:49:50','B1-1','BBBBBBBBBBBBBBBBBBBBBBBBBBBBBBBBBBBBBBBBBBBBBBBB','BBBBBBBBBBBBBBBBBBBBBBBBB'),(40,'54636ead2ea54e8a201ec4a0','545b2b06b21e898413de931d','54636ead2ea54e8a201ec49f','5462224eac3a146b11b4fb8a','False','2014-11-12 14:29:01','B1-1','BBBBBBBBBBBBBBBBBBBBBBBBBBBBBBBBBBBBBBBBBBBBBBBB','BBBBBBBBBBBBBBBBBBBBBBBBB'),(41,'54636ec02ea54e8a201ec4a4','545b2b06b21e898413de931d','54636ec02ea54e8a201ec4a3','5462224eac3a146b11b4fb8a','True','2014-11-12 14:29:20','B1-1','BBBBBBBBBBBBBBBBBBBBBBBBBBBBBBBBBBBBBBBBBBBBBBBB','BBBBBBBBBBBBBBBBBBBBBBBBB'),(42,'546372552ea54e8a201ec4a9','5463724b2ea54e8a201ec4a6','546372552ea54e8a201ec4a8','5462224eac3a146b11b4fb8a','False','2014-11-12 14:44:37','B1-1','BBBBBBBBBBBBBBBBBBBBBBBBBBBBBBBBBBBBBBBBBBBBBBBB','BBBBBBBBBBBBBBBBBBBBBBBBB'),(43,'546396246aecaf283b193016','546339acf92abe384d238a6c','546339b0f92abe384d238a6d','545b297cb21e898413de9319','True','2014-11-12 17:17:24','Siaa9-4','On minimum spend of 1000 INR','1+1 Buffet Free'),(44,'54648f5181cf069026ff2f75','545b2833b21e898413de9314','54648f5181cf069026ff2f74','545b297cb21e898413de9319','True','2014-11-13 11:00:33','Siaa9-1','Free Coffee','Welcome Offer'),(45,'5464ba2ccab50cb5643743b3','545cc3c85aa74f841c5c8051','545cc4065aa74f841c5c8052','545b57d57a795e871c63cc62','False','2014-11-13 14:03:24','2-1','free lassi or cocktail','check in kingdom!'),(46,'5464ba91cab50cb5643743b6','545cc3c85aa74f841c5c8051','545cecc15aa74f841c5c8063','545b297cb21e898413de9319','True','2014-11-13 14:05:05','1-1','Free Coffee','Welcome Offer'),(47,'5464c345cab50cb5643743c6','546339acf92abe384d238a6c','546339b0f92abe384d238a6d','545b297cb21e898413de9319','True','2014-11-13 14:42:13','Siaa9-7','Any mocktail and Starter','1 Starter + Mocktail Free'),(48,'54675c73cab50cb56437443e','545b2833b21e898413de9314','54648f5181cf069026ff2f74','545b297cb21e898413de9319','True','2014-11-15 14:00:19','Siaa9-4','On minimum spend of 1000 INR','1+1 Buffet Free'),(49,'5468f1d9cab50cb56437445a','5468e55dcab50cb564374453','5468e598cab50cb564374454','545b297cb21e898413de9319','True','2014-11-16 18:50:01','Siaa9-1','Free Coffee','Welcome Offer'),(50,'5469b361f3e41f97032298d3','545b2833b21e898413de9314','54648f5181cf069026ff2f74','545b297cb21e898413de9319','True','2014-11-17 08:35:45','Siaa9-7','Any mocktail and Starter','1 Starter + Mocktail Free'),(51,'5469c2adf3e41f97032298d6','545b2833b21e898413de9314','5469c2adf3e41f97032298d5','545b297cb21e898413de9319','True','2014-11-17 09:41:01','Siaa9-1','Free Coffee','Welcome Offer'),(52,'5469cf93f3e41f970322991a','5468e55dcab50cb564374453','5468e83fcab50cb564374458','545b57d57a795e871c63cc62','True','2014-11-17 10:36:03','2-1','free lassi or cocktail','check in kingdom!'),(53,'5469db8ff3e41f9703229947','54625062ac3a146b11b4fbc5','5462506cac3a146b11b4fbc6','545b297cb21e898413de9319','False','2014-11-17 11:27:11','Siaa9-1','Free Coffee','Welcome Offer'),(54,'5469dc50f3e41f9703229949','545b2e38b21e898413de9327','5461cb8bac3a146b11b4fab0','545b297cb21e898413de9319','False','2014-11-17 11:30:24','Siaa9-1','Free Coffee','Welcome Offer'),(55,'546c7faaf3e41f9703229975','545b2833b21e898413de9314','545b6322d6be01755625b2bb','545b5debd6be01755625b282','True','2014-11-19 11:31:54','4-5','Get a combo of a drink and a starter.','5 Star Delights!'),(56,'546c8c7bf3e41f9703229978','545b2833b21e898413de9314','545b6322d6be01755625b2bb','545b5debd6be01755625b282','True','2014-11-19 12:26:35','4-7','Get one combo + dessert free.','Try lucky number 7!'),(57,'546c8fcff3e41f970322997c','545b2833b21e898413de9314','545b6322d6be01755625b2bb','545b5debd6be01755625b282','True','2014-11-19 12:40:47','4-10','Get a full meal with dessert.','Bang with 10!'),(58,'546c9087f3e41f970322997f','545b2833b21e898413de9314','546c9087f3e41f970322997e','545b5debd6be01755625b282','True','2014-11-19 12:43:51','4-1','Get a free mocktail!','check in Empire!'),(59,'546f1fc04d0ebea0400bf4d2','545b2833b21e898413de9314','546f1fc04d0ebea0400bf4d1','5462269bac3a146b11b4fb95','True','2014-11-21 11:19:28','B2-1','BBBBBBBBBBBBBBBBBBBBBBBBBBB','BbbbbBbbbbBbbbbBbbbbBbbbb'),(60,'546f1fcb4d0ebea0400bf4d5','545b2833b21e898413de9314','546f1fcb4d0ebea0400bf4d4','5462269bac3a146b11b4fb95','False','2014-11-21 11:19:39','B2-1','BBBBBBBBBBBBBBBBBBBBBBBBBBB','BbbbbBbbbbBbbbbBbbbbBbbbb'),(61,'546f1fd44d0ebea0400bf4d8','545b2833b21e898413de9314','546f1fd44d0ebea0400bf4d7','5462269bac3a146b11b4fb95','True','2014-11-21 11:19:48','B2-1','BBBBBBBBBBBBBBBBBBBBBBBBBBB','BbbbbBbbbbBbbbbBbbbbBbbbb'),(62,'546f2530459afdfb3d337c77','545b2833b21e898413de9314','','545b5debd6be01755625b282','False','2014-11-21 11:42:40','BEER','Promocode Beer','Free Promo Beer!');

#
# Structure for table "api_roles"
#

DROP TABLE IF EXISTS `api_roles`;
CREATE TABLE `api_roles` (
  `id` int(11) NOT NULL AUTO_INCREMENT,
  `code` varchar(50) NOT NULL,
  `name` varchar(150) NOT NULL,
  PRIMARY KEY (`id`)
) ENGINE=InnoDB AUTO_INCREMENT=5 DEFAULT CHARSET=latin1;

#
# Data for table "api_roles"
#

INSERT INTO `api_roles` VALUES (1,'10','rtdadmin'),(2,'0','user'),(3,'5','orgAdmin'),(4,'3','storeAdmin');

#
# Structure for table "api_stamptransaction"
#

DROP TABLE IF EXISTS `api_stamptransaction`;
CREATE TABLE `api_stamptransaction` (
  `id` int(11) NOT NULL AUTO_INCREMENT,
  `user` varchar(250) NOT NULL,
  `loyaltycards` varchar(250) NOT NULL,
  `store` varchar(250) NOT NULL,
  `_id` varchar(250) NOT NULL,
  `createdAt` datetime NOT NULL,
  `total` varchar(250) NOT NULL,
  `state` varchar(250) NOT NULL,
  `stamp_count` varchar(250) NOT NULL,
  `version` varchar(10) NOT NULL,
  PRIMARY KEY (`id`)
) ENGINE=InnoDB AUTO_INCREMENT=94 DEFAULT CHARSET=latin1;

#
# Data for table "api_stamptransaction"
#

INSERT INTO `api_stamptransaction` VALUES (1,'545b2e38b21e898413de9327','545b351fb21e898413de9328','545b29ecb21e898413de931b','545b3551b21e898413de9335','2014-11-06 08:46:09','3','1','1','0'),(2,'545b2e38b21e898413de9327','545b351fb21e898413de9328','545b29ecb21e898413de931b','545b3564b21e898413de9337','2014-11-06 08:46:28','3','1','2','0'),(3,'545b2e38b21e898413de9327','545b351fb21e898413de9328','545b29ecb21e898413de931b','545b3570b21e898413de9339','2014-11-06 08:46:40','3','2','3','0'),(4,'545b2e38b21e898413de9327','545b2b2cb21e898413de931e','545b297cb21e898413de9319','545b35dbb21e898413de9346','2014-11-06 08:48:27','1','1','1','0'),(5,'545b2e38b21e898413de9327','545b2b2cb21e898413de931e','545b297cb21e898413de9319','545b35e4b21e898413de9348','2014-11-06 08:48:36','1','1','2','0'),(6,'545b2e38b21e898413de9327','545b2b2cb21e898413de931e','545b297cb21e898413de9319','545b3858b21e898413de9349','2014-11-06 08:59:04','1','1','3','0'),(7,'545b2e38b21e898413de9327','545b351fb21e898413de9328','545b29ecb21e898413de931b','545b396ab21e898413de934c','2014-11-06 09:03:38','3','1','1','0'),(8,'545b2e38b21e898413de9327','545b351fb21e898413de9328','545b29ecb21e898413de931b','545b3979b21e898413de934d','2014-11-06 09:03:53','3','1','2','0'),(9,'545b2e38b21e898413de9327','545b5c67d6be01755625b264','545b5bc0d6be01755625b262','545b5c8bd6be01755625b271','2014-11-06 11:33:31','5','1','1','0'),(10,'545b2e38b21e898413de9327','545b5c67d6be01755625b264','545b5bc0d6be01755625b262','545b5ca2d6be01755625b273','2014-11-06 11:33:54','5','1','2','0'),(11,'545b2e38b21e898413de9327','545b5c67d6be01755625b264','545b5bc0d6be01755625b262','545b5cadd6be01755625b275','2014-11-06 11:34:05','5','1','3','0'),(12,'545b2e38b21e898413de9327','545b5c67d6be01755625b264','545b5bc0d6be01755625b262','545b5cb8d6be01755625b276','2014-11-06 11:34:16','5','1','4','0'),(13,'545b2e38b21e898413de9327','545b5c67d6be01755625b264','545b5bc0d6be01755625b262','545b5ccad6be01755625b278','2014-11-06 11:34:34','5','2','5','0'),(14,'545b2e38b21e898413de9327','545b5c67d6be01755625b264','545b5bc0d6be01755625b262','545b5ce7d6be01755625b27b','2014-11-06 11:35:03','5','1','1','0'),(15,'545b2e38b21e898413de9327','545b5ecdd6be01755625b289','545b5debd6be01755625b282','545b5eebd6be01755625b29b','2014-11-06 11:43:39','10','1','1','0'),(16,'545b2e38b21e898413de9327','545b5ecdd6be01755625b289','545b5debd6be01755625b282','545b5efcd6be01755625b29d','2014-11-06 11:43:56','10','1','2','0'),(17,'545b2e38b21e898413de9327','545b5ecdd6be01755625b289','545b5debd6be01755625b282','545b5f06d6be01755625b29f','2014-11-06 11:44:06','10','1','3','0'),(18,'545b2e38b21e898413de9327','545b5ecdd6be01755625b289','545b5debd6be01755625b282','545b5f0fd6be01755625b2a0','2014-11-06 11:44:15','10','1','4','0'),(19,'545b2e38b21e898413de9327','545b5ecdd6be01755625b289','545b5debd6be01755625b282','545b5f18d6be01755625b2a2','2014-11-06 11:44:24','10','1','5','0'),(20,'545b2e38b21e898413de9327','545b5ecdd6be01755625b289','545b5debd6be01755625b282','545b5f22d6be01755625b2a3','2014-11-06 11:44:34','10','1','6','0'),(21,'545b2e38b21e898413de9327','545b5ecdd6be01755625b289','545b5debd6be01755625b282','545b5f2bd6be01755625b2a5','2014-11-06 11:44:43','10','1','7','0'),(22,'545b2833b21e898413de9314','545b351fb21e898413de9328','545b29ecb21e898413de931b','545b7de81766aeff75e51f6f','2014-11-06 13:55:52','3','1','1','0'),(23,'545b2833b21e898413de9314','545b2b2cb21e898413de931e','545b297cb21e898413de9319','545c9347208abc986a998d68','2014-11-07 09:39:19','1','2','1','0'),(24,'545b6c1fd6be01755625b2e8','545b2b2cb21e898413de931e','545b297cb21e898413de9319','545c934e208abc986a998d6a','2014-11-07 09:39:26','1','2','1','0'),(25,'545b2833b21e898413de9314','545b2b2cb21e898413de931e','545b297cb21e898413de9319','545c9363208abc986a998d6d','2014-11-07 09:39:47','1','1','1','0'),(26,'545b2833b21e898413de9314','545b2b2cb21e898413de931e','545b297cb21e898413de9319','545c9387208abc986a998d6e','2014-11-07 09:40:23','1','1','2','0'),(27,'545b2833b21e898413de9314','545b2b2cb21e898413de931e','545b297cb21e898413de9319','545c97f9208abc986a998d6f','2014-11-07 09:59:21','1','1','3','0'),(28,'545b2833b21e898413de9314','545b5ecdd6be01755625b289','545b5debd6be01755625b282','545c984a208abc986a998d71','2014-11-07 10:00:42','10','1','1','0'),(29,'545d1b5e5aa74f841c5c8066','545b2b2cb21e898413de931e','545b297cb21e898413de9319','545d1f995aa74f841c5c806f','2014-11-07 19:38:01','1','2','1','0'),(30,'545b2833b21e898413de9314','545b5ecdd6be01755625b289','545b5debd6be01755625b282','54606238fb06f6ae6d5b6c59','2014-11-10 06:59:04','10','1','2','0'),(31,'545b2833b21e898413de9314','545b5ecdd6be01755625b289','545b5debd6be01755625b282','54607a19fb06f6ae6d5b6c5b','2014-11-10 08:40:57','10','1','3','0'),(32,'546088b3fb06f6ae6d5b6c79','545b2b2cb21e898413de931e','545b297cb21e898413de9319','54608ab9fb06f6ae6d5b6c7c','2014-11-10 09:51:53','1','2','1','0'),(33,'546088b3fb06f6ae6d5b6c79','545b351fb21e898413de9328','545b29ecb21e898413de931b','54608becfb06f6ae6d5b6c80','2014-11-10 09:57:00','3','1','1','0'),(34,'546088b3fb06f6ae6d5b6c79','545b351fb21e898413de9328','545b29ecb21e898413de931b','54608bf4fb06f6ae6d5b6c82','2014-11-10 09:57:08','3','1','2','0'),(35,'54524fd5dbaea6aa4c626249','545b2b2cb21e898413de931e','545b297cb21e898413de9319','5461c1d9ac3a146b11b4fa9a','2014-11-11 07:59:21','1','2','1','0'),(36,'54524fd5dbaea6aa4c626249','545b2b2cb21e898413de931e','545b297cb21e898413de9319','5461c1f2ac3a146b11b4fa9d','2014-11-11 07:59:46','1','2','1','0'),(37,'54524fd5dbaea6aa4c626249','545b2b2cb21e898413de931e','545b297cb21e898413de9319','5461c205ac3a146b11b4faa0','2014-11-11 08:00:05','1','2','1','0'),(38,'54524fd5dbaea6aa4c626249','5461c2c0ac3a146b11b4faa1','545b297cb21e898413de9319','5461c2eaac3a146b11b4faa4','2014-11-11 08:03:54','7','1','1','0'),(39,'54524fd5dbaea6aa4c626249','5461c2c0ac3a146b11b4faa1','545b297cb21e898413de9319','5461c3beac3a146b11b4faa5','2014-11-11 08:07:26','7','1','2','0'),(40,'54524fd5dbaea6aa4c626249','545b5c67d6be01755625b264','545b5bc0d6be01755625b262','5461c4e8ac3a146b11b4faa8','2014-11-11 08:12:24','5','1','1','0'),(41,'545b2833b21e898413de9314','545b351fb21e898413de9328','545b29ecb21e898413de931b','5461c9ccac3a146b11b4faaa','2014-11-11 08:33:16','3','1','2','0'),(42,'545b2833b21e898413de9314','545b5c67d6be01755625b264','545b5bc0d6be01755625b262','5461ca50ac3a146b11b4faac','2014-11-11 08:35:28','5','1','1','0'),(43,'545b2833b21e898413de9314','545b5c67d6be01755625b264','545b5bc0d6be01755625b262','5461cae5ac3a146b11b4faad','2014-11-11 08:37:57','5','1','2','0'),(44,'545b2833b21e898413de9314','545b351fb21e898413de9328','545b29ecb21e898413de931b','5461cb44ac3a146b11b4faaf','2014-11-11 08:39:32','3','2','3','0'),(45,'545b2833b21e898413de9314','545b59b1d6be01755625b251','545b57d57a795e871c63cc62','5461e911ac3a146b11b4fab4','2014-11-11 10:46:41','3','1','1','0'),(46,'545b2e38b21e898413de9327','546222f0ac3a146b11b4fb8c','5462224eac3a146b11b4fb8a','546224bbac3a146b11b4fb94','2014-11-11 15:01:15','1','2','1','0'),(47,'545b2e38b21e898413de9327','54622763ac3a146b11b4fb97','5462269bac3a146b11b4fb95','5462279aac3a146b11b4fb9d','2014-11-11 15:13:30','1','2','1','0'),(48,'545b2e38b21e898413de9327','545b59b1d6be01755625b251','545b57d57a795e871c63cc62','54623f7cac3a146b11b4fba0','2014-11-11 16:55:24','3','1','1','0'),(49,'545b2e38b21e898413de9327','545b59b1d6be01755625b251','545b57d57a795e871c63cc62','54624061ac3a146b11b4fba1','2014-11-11 16:59:13','3','1','2','0'),(50,'546339acf92abe384d238a6c','5461c2c0ac3a146b11b4faa1','545b297cb21e898413de9319','54633bf3f92abe384d238a84','2014-11-12 10:52:35','7','1','1','0'),(51,'546339acf92abe384d238a6c','5461c2c0ac3a146b11b4faa1','545b297cb21e898413de9319','54633cfaf92abe384d238a85','2014-11-12 10:56:58','7','1','2','0'),(52,'546339acf92abe384d238a6c','54622763ac3a146b11b4fb97','5462269bac3a146b11b4fb95','54633deaf92abe384d238a99','2014-11-12 11:00:58','1','2','1','0'),(53,'545b2833b21e898413de9314','54622763ac3a146b11b4fb97','5462269bac3a146b11b4fb95','54633e1ef92abe384d238a9d','2014-11-12 11:01:50','1','2','1','0'),(54,'545b2833b21e898413de9314','5461c2c0ac3a146b11b4faa1','545b297cb21e898413de9319','546346d7f92abe384d238aa0','2014-11-12 11:39:03','1','2','1','0'),(55,'545b2833b21e898413de9314','546222f0ac3a146b11b4fb8c','5462224eac3a146b11b4fb8a','5463640f2ea54e8a201ec497','2014-11-12 13:43:43','1','2','1','0'),(56,'545b2833b21e898413de9314','546222f0ac3a146b11b4fb8c','5462224eac3a146b11b4fb8a','5463645e2ea54e8a201ec49a','2014-11-12 13:45:02','1','2','1','0'),(57,'545b2833b21e898413de9314','546222f0ac3a146b11b4fb8c','5462224eac3a146b11b4fb8a','5463657e2ea54e8a201ec49d','2014-11-12 13:49:50','1','2','1','0'),(58,'545b2b06b21e898413de931d','546222f0ac3a146b11b4fb8c','5462224eac3a146b11b4fb8a','54636ead2ea54e8a201ec4a1','2014-11-12 14:29:01','1','2','1','0'),(59,'545b2b06b21e898413de931d','546222f0ac3a146b11b4fb8c','5462224eac3a146b11b4fb8a','54636ec02ea54e8a201ec4a5','2014-11-12 14:29:20','1','2','1','0'),(60,'5463724b2ea54e8a201ec4a6','546222f0ac3a146b11b4fb8c','5462224eac3a146b11b4fb8a','546372552ea54e8a201ec4aa','2014-11-12 14:44:37','1','2','1','0'),(61,'546339acf92abe384d238a6c','5461c2c0ac3a146b11b4faa1','545b297cb21e898413de9319','546396086aecaf283b193015','2014-11-12 17:16:56','7','1','3','0'),(62,'546339acf92abe384d238a6c','5461c2c0ac3a146b11b4faa1','545b297cb21e898413de9319','546396246aecaf283b193017','2014-11-12 17:17:24','7','1','4','0'),(63,'545b2833b21e898413de9314','5461c2c0ac3a146b11b4faa1','545b297cb21e898413de9319','54648f5181cf069026ff2f76','2014-11-13 11:00:33','7','1','1','0'),(64,'545b2833b21e898413de9314','5461c2c0ac3a146b11b4faa1','545b297cb21e898413de9319','54648f5e81cf069026ff2f77','2014-11-13 11:00:46','7','1','2','0'),(65,'545b2833b21e898413de9314','5461c2c0ac3a146b11b4faa1','545b297cb21e898413de9319','54648f6b81cf069026ff2f78','2014-11-13 11:00:59','7','1','3','0'),(66,'545cc3c85aa74f841c5c8051','545b59b1d6be01755625b251','545b57d57a795e871c63cc62','5464ba2ccab50cb5643743b4','2014-11-13 14:03:24','3','1','1','0'),(67,'545cc3c85aa74f841c5c8051','545b59b1d6be01755625b251','545b57d57a795e871c63cc62','5464ba54cab50cb5643743b5','2014-11-13 14:04:04','3','1','2','0'),(68,'545cc3c85aa74f841c5c8051','5461c2c0ac3a146b11b4faa1','545b297cb21e898413de9319','5464ba91cab50cb5643743b7','2014-11-13 14:05:05','1','2','1','0'),(69,'546339acf92abe384d238a6c','5461c2c0ac3a146b11b4faa1','545b297cb21e898413de9319','5464c30ccab50cb5643743c4','2014-11-13 14:41:16','7','1','5','0'),(70,'546339acf92abe384d238a6c','5461c2c0ac3a146b11b4faa1','545b297cb21e898413de9319','5464c327cab50cb5643743c5','2014-11-13 14:41:43','7','1','6','0'),(71,'546339acf92abe384d238a6c','5461c2c0ac3a146b11b4faa1','545b297cb21e898413de9319','5464c345cab50cb5643743c7','2014-11-13 14:42:13','7','2','7','0'),(72,'545b2833b21e898413de9314','5461c2c0ac3a146b11b4faa1','545b297cb21e898413de9319','54675c73cab50cb56437443f','2014-11-15 14:00:19','7','1','4','0'),(73,'545b2833b21e898413de9314','5461c2c0ac3a146b11b4faa1','545b297cb21e898413de9319','54675c7acab50cb564374440','2014-11-15 14:00:26','7','1','5','0'),(74,'545b2833b21e898413de9314','5461c2c0ac3a146b11b4faa1','545b297cb21e898413de9319','54675c93cab50cb564374441','2014-11-15 14:00:51','7','1','6','0'),(75,'5468e55dcab50cb564374453','5461c2c0ac3a146b11b4faa1','545b297cb21e898413de9319','5468f1d9cab50cb56437445b','2014-11-16 18:50:01','7','1','1','0'),(76,'545b2833b21e898413de9314','5461c2c0ac3a146b11b4faa1','545b297cb21e898413de9319','5469b361f3e41f97032298d4','2014-11-17 08:35:45','7','2','7','0'),(77,'545b2833b21e898413de9314','5461c2c0ac3a146b11b4faa1','545b297cb21e898413de9319','5469c2adf3e41f97032298d7','2014-11-17 09:41:01','7','1','1','0'),(78,'5468e55dcab50cb564374453','545b59b1d6be01755625b251','545b57d57a795e871c63cc62','5469cf93f3e41f970322991b','2014-11-17 10:36:03','3','1','1','0'),(79,'545b2833b21e898413de9314','5461c2c0ac3a146b11b4faa1','545b297cb21e898413de9319','5469d8c2f3e41f9703229945','2014-11-17 11:15:14','7','1','2','0'),(80,'54625062ac3a146b11b4fbc5','5461c2c0ac3a146b11b4faa1','545b297cb21e898413de9319','5469db8ff3e41f9703229948','2014-11-17 11:27:11','7','1','1','0'),(81,'545b2e38b21e898413de9327','5461c2c0ac3a146b11b4faa1','545b297cb21e898413de9319','5469dc50f3e41f970322994a','2014-11-17 11:30:24','7','1','1','0'),(82,'545b2833b21e898413de9314','545b5ecdd6be01755625b289','545b5debd6be01755625b282','546c7f76f3e41f9703229974','2014-11-19 11:31:02','10','1','4','0'),(83,'545b2833b21e898413de9314','545b5ecdd6be01755625b289','545b5debd6be01755625b282','546c7faaf3e41f9703229976','2014-11-19 11:31:54','10','1','5','0'),(84,'545b2833b21e898413de9314','545b5ecdd6be01755625b289','545b5debd6be01755625b282','546c8bfff3e41f9703229977','2014-11-19 12:24:31','10','1','6','0'),(85,'545b2833b21e898413de9314','545b5ecdd6be01755625b289','545b5debd6be01755625b282','546c8c7bf3e41f9703229979','2014-11-19 12:26:35','10','1','7','0'),(86,'545b2833b21e898413de9314','545b5ecdd6be01755625b289','545b5debd6be01755625b282','546c8dbcf3e41f970322997a','2014-11-19 12:31:56','10','1','8','0'),(87,'545b2833b21e898413de9314','545b5ecdd6be01755625b289','545b5debd6be01755625b282','546c8e88f3e41f970322997b','2014-11-19 12:35:20','10','1','9','0'),(88,'545b2833b21e898413de9314','545b5ecdd6be01755625b289','545b5debd6be01755625b282','546c8fcff3e41f970322997d','2014-11-19 12:40:47','10','2','10','0'),(89,'545b2833b21e898413de9314','545b5ecdd6be01755625b289','545b5debd6be01755625b282','546c9087f3e41f9703229980','2014-11-19 12:43:51','10','1','1','0'),(90,'545b2833b21e898413de9314','545b5ecdd6be01755625b289','545b5debd6be01755625b282','546c91abf3e41f9703229981','2014-11-19 12:48:43','10','1','2','0'),(91,'545b2833b21e898413de9314','54622763ac3a146b11b4fb97','5462269bac3a146b11b4fb95','546f1fc04d0ebea0400bf4d3','2014-11-21 11:19:28','1','2','1','0'),(92,'545b2833b21e898413de9314','54622763ac3a146b11b4fb97','5462269bac3a146b11b4fb95','546f1fcb4d0ebea0400bf4d6','2014-11-21 11:19:39','1','2','1','0'),(93,'545b2833b21e898413de9314','54622763ac3a146b11b4fb97','5462269bac3a146b11b4fb95','546f1fd44d0ebea0400bf4d9','2014-11-21 11:19:48','1','2','1','0');

#
# Structure for table "api_stores"
#

DROP TABLE IF EXISTS `api_stores`;
CREATE TABLE `api_stores` (
  `id` int(11) NOT NULL AUTO_INCREMENT,
  `_id` varchar(250) NOT NULL,
  `name` varchar(250) NOT NULL,
  `active_card` varchar(100) NOT NULL,
  `add_city` varchar(100) NOT NULL,
  `add_address` longtext NOT NULL,
  `admin` varchar(250) NOT NULL,
  `organization` varchar(250) NOT NULL,
  `created` datetime NOT NULL,
  PRIMARY KEY (`id`)
) ENGINE=InnoDB AUTO_INCREMENT=9 DEFAULT CHARSET=latin1;

#
# Data for table "api_stores"
#

INSERT INTO `api_stores` VALUES (1,'545b297cb21e898413de9319','Siaa Fine dine','5461c2c0ac3a146b11b4faa1','Hyderabad','shop no. 12, Road No. 36','545b297cb21e898413de931a','545b28e5b21e898413de9315','2014-11-06 07:55:40'),(2,'545b29ecb21e898413de931b','greate coffee','545b351fb21e898413de9328','Hyderabad','Plot 566, Road No 92, Jubilee Hills','545b29ecb21e898413de931c','545b2917b21e898413de9317','2014-11-06 07:57:32'),(3,'545b405cb21e898413de9350','Ohri\'s Noutanki','545b4148b21e898413de9352','Hyderabad','Ohris Cyber Pearl, Block 1, Hitech City','545b405cb21e898413de9351','545b3f8fb21e898413de934e','2014-11-06 09:33:16'),(4,'545b57d57a795e871c63cc62','Ohri\'s Eatmore','545b59b1d6be01755625b251','Hyderabad','Ohri\'s at Jalavihar, Adjacent to Jalvihar Entertainment Pvt.','545b57d57a795e871c63cc63','545b3f8fb21e898413de934e','2014-11-06 11:13:25'),(5,'545b5bc0d6be01755625b262','Ohri\'s Chowpatti','545b5c67d6be01755625b264','Hyderabad','8-2-682/3, Ohri\'s Banjara, Road 12','545b5bc0d6be01755625b263','545b3f8fb21e898413de934e','2014-11-06 11:30:08'),(6,'545b5debd6be01755625b282','Ohri\'s Jivas Imperia','545b5ecdd6be01755625b289','Hyderabad','Block 3, White House Building, Beside Lifestyle','545b5debd6be01755625b283','545b3f8fb21e898413de934e','2014-11-06 11:39:23'),(7,'5462224eac3a146b11b4fb8a','BBBBBBBBBBBBBBBBBBBBBBBBBBBBBB','546222f0ac3a146b11b4fb8c','Hyderabad','BBBBBBBBBBBBBBBBBBBBBBBBBBBBBB','5462224eac3a146b11b4fb8b','546220bdac3a146b11b4fb88','2014-11-11 14:50:54'),(8,'5462269bac3a146b11b4fb95','BBBBBBBBBBBBBBBBBBBBBBBBB','54622763ac3a146b11b4fb97','Hyderabad','BBBBBBBBBBBBBBBBBBBB','5462269bac3a146b11b4fb96','546220bdac3a146b11b4fb88','2014-11-11 15:09:15');

#
# Structure for table "api_user"
#

DROP TABLE IF EXISTS `api_user`;
CREATE TABLE `api_user` (
  `id` int(11) NOT NULL AUTO_INCREMENT,
  `_id` varchar(250) NOT NULL,
  `name` varchar(100) DEFAULT NULL,
  `email` varchar(255) NOT NULL,
  `username` varchar(100) DEFAULT NULL,
  `mobile` varchar(50) DEFAULT NULL,
  `device` varchar(100) NOT NULL,
  `code` varchar(100) NOT NULL,
  `role` varchar(100) NOT NULL,
  `created_at` datetime NOT NULL,
  `created_type` varchar(100) NOT NULL,
  PRIMARY KEY (`id`)
) ENGINE=InnoDB AUTO_INCREMENT=46 DEFAULT CHARSET=latin1;

#
# Data for table "api_user"
#

INSERT INTO `api_user` VALUES (1,'545b1e72b21e898413de91cf','Admin','','rtdadmin','','0','0','10','2014-12-08 12:22:29','1'),(2,'545b2833b21e898413de9314','Vedprakash Rout','routbedprakash@gmail.com','bedprakash.babi','','1','100001','0','2014-12-08 12:22:29','1'),(3,'545b28e5b21e898413de9316','Admin','','s.admin','','0','0','5','2014-12-08 12:22:29','0'),(4,'545b2917b21e898413de9318','Admin','','sta.admin','','0','0','5','2014-12-08 12:22:29','0'),(5,'545b297cb21e898413de931a','Admin','','s.1.admin','','0','0','3','2014-12-08 12:22:29','1'),(6,'545b29ecb21e898413de931c','Admin','','sta.star.admin','','0','0','3','2014-12-08 12:22:29','0'),(7,'545b2b06b21e898413de931d','Ugandhar Juturu','','ugandhar.juturu','','2','100002','0','2014-12-08 12:22:29','1'),(8,'545b2e38b21e898413de9327','Komal Akulwar','','komal.akulwar','','3','100003','0','2014-12-08 12:22:29','0'),(9,'545b3f8fb21e898413de934f','Admin','','o.admin','','0','0','5','2014-12-08 12:22:29','1'),(10,'545b405cb21e898413de9351','Admin','','o.1.admin','','0','0','3','2014-12-08 12:22:29','0'),(11,'545b57d57a795e871c63cc63','Admin','','o.2.admin','','0','0','3','2014-12-08 12:22:29','1'),(12,'545b5bc0d6be01755625b263','Admin','','o.3.admin','','0','0','3','2014-12-08 12:22:29','0'),(13,'545b5debd6be01755625b283','Admin','','o.4.admin','','0','0','3','2014-12-08 12:22:29','0'),(14,'545b6891d6be01755625b2c6','','noothanvarma@gmail.com ','','','4','100011','0','2014-12-08 12:22:29','1'),(15,'545b69a5d6be01755625b2d2','','cnoothan@gmail.com ','','','5','100013','0','2014-12-08 12:22:29','0'),(16,'545b6c1fd6be01755625b2e8','Ashok Kumar Sahoo','ashokool@hotmail.com','sahoo','','6','100014','0','2014-12-08 12:22:29','0'),(17,'545b70b9d6be01755625b329','Vepa Gautam','','vepa.gautam','','7','100015','0','2014-12-08 12:22:29','1'),(18,'545cc3c85aa74f841c5c8051','Gautam Vepa','vepagautam@gmail.com','','','8','100023','0','2014-12-08 12:22:29','1'),(19,'545d1b5e5aa74f841c5c8066','Soumya Ranjan Bishi','','soumyabishi','','9','100026','0','2014-12-08 12:22:29','1'),(20,'545ddef75aa74f841c5c808f','Shubham Kumar','','kmr47','','10','100035','0','2014-12-08 12:22:29','0'),(21,'546088b3fb06f6ae6d5b6c79','','dhanashree.akulwar@gmail.com','','','11','100052','0','2014-12-08 12:22:29','0'),(22,'5460c9b9b26dae3150b24bd5','Shubham','shubhamkmr47@gmail.com','','','12','100057','0','2014-12-08 12:22:29','1'),(23,'5460d2f1331f6b2e547ff740','','hotcoolhot@gmail.com','','','13','100058','0','2014-12-08 12:22:29','0'),(24,'546201a6ac3a146b11b4fb82','','yugandharjuturu@gmail.com','','','14','100075','0','2014-12-08 12:22:29','0'),(25,'546220bdac3a146b11b4fb89','Admin','','bbb.admin','','0','0','5','2014-12-08 12:22:29','0'),(26,'5462224eac3a146b11b4fb8b','Admin','','bbb.1.admin','','0','0','3','2014-12-08 12:22:29','1'),(27,'5462269bac3a146b11b4fb96','Admin','','bbb.2.admin','','0','0','3','2014-12-08 12:22:29','0'),(28,'54625062ac3a146b11b4fbc5','Srinivas Reddy','srinivas.kompally9@gmail.com','srinivasreddykompally','','15','100085','0','2014-12-08 12:22:29','1'),(29,'54632896ac3a146b11b4fc9d','Ankit Singh Bhandari','','ankitsinghbhandari','','16','100089','0','2014-12-08 12:22:29','1'),(30,'5463aaa86aecaf283b193018','','yyy@fff.com','','','17','100101','0','2014-12-08 12:22:29','1'),(31,'546339acf92abe384d238a6c','Bedha','bedprakashrout@gmail.com','','420','18','100093','0','2014-12-08 12:22:29','0'),(32,'5463724b2ea54e8a201ec4a6','Venugopal Voraganti','','venugopalchnn','','19','100099','0','2014-12-08 12:22:29','1'),(33,'5463b78b6aecaf283b193019','hshwh','fff@yyy.com','','','20','100102','0','2014-12-08 12:22:29','0'),(34,'54645d5b6aecaf283b19301a','','aaa@bbb.com','','','21','100107','0','2014-12-08 12:22:29','0'),(35,'546465026aecaf283b19301b','','hhh@ttt.com','','','22','100111','0','2014-12-08 12:22:29','0'),(36,'54647ec46aecaf283b19301c','','hd@ff.com','','','23','100120','0','2014-12-08 12:22:29','1'),(37,'5464a0c5cab50cb5643743a5','','ashish.kolan@gmail.com','','','24','100124','0','2014-12-08 12:22:29','0'),(38,'5465abb0cab50cb5643743cf','vineet','singhvineet500@gmail.com','','','25','100132','0','2014-12-08 12:22:29','1'),(39,'5465b0dfcab50cb5643743d1','Vineet Pundir','','vineet.singh.3192','','26','100133','0','2014-12-08 12:22:29','0'),(40,'5465b39dcab50cb5643743d2','','hhh@ccc.com','','','0','100135','0','2014-12-08 12:22:29','0'),(41,'5465c296cab50cb5643743f2','','bedababi@gmail.com','','','27','100139','0','2014-12-08 12:22:29','0'),(42,'5465dbeecab50cb564374413','','ggg@ggg.com','','','28','100148','0','2014-12-08 12:22:29','0'),(43,'5468e55dcab50cb564374453','Vepa Gautam','','','','29','100159','0','2014-12-08 12:22:29','0'),(44,'54690ee26652d660396aa5d7','Gautam Vepa','gautam.vepa@students.iiit.ac.in','','','30','100162','0','2014-12-08 12:22:29','0'),(45,'5469d269f3e41f9703229922','','kkk@ggg.com','','','31','100168','0','2014-12-08 12:22:29','0');

#
# Structure for table "auth_group"
#

DROP TABLE IF EXISTS `auth_group`;
CREATE TABLE `auth_group` (
  `id` int(11) NOT NULL AUTO_INCREMENT,
  `name` varchar(80) NOT NULL,
  PRIMARY KEY (`id`),
  UNIQUE KEY `name` (`name`)
) ENGINE=InnoDB DEFAULT CHARSET=latin1;

#
# Data for table "auth_group"
#


#
# Structure for table "auth_user"
#

DROP TABLE IF EXISTS `auth_user`;
CREATE TABLE `auth_user` (
  `id` int(11) NOT NULL AUTO_INCREMENT,
  `password` varchar(128) NOT NULL,
  `last_login` datetime NOT NULL,
  `is_superuser` tinyint(1) NOT NULL,
  `username` varchar(30) NOT NULL,
  `first_name` varchar(30) NOT NULL,
  `last_name` varchar(30) NOT NULL,
  `email` varchar(75) NOT NULL,
  `is_staff` tinyint(1) NOT NULL,
  `is_active` tinyint(1) NOT NULL,
  `date_joined` datetime NOT NULL,
  PRIMARY KEY (`id`),
  UNIQUE KEY `username` (`username`)
) ENGINE=InnoDB AUTO_INCREMENT=2 DEFAULT CHARSET=latin1;

#
# Data for table "auth_user"
#

INSERT INTO `auth_user` VALUES (1,'pbkdf2_sha256$12000$IvduiglhIBB1$11QiK0bykq2aXfpP5dITczFtzms55UfiIbuY0ckcDiY=','2014-12-08 06:35:05',1,'yash','','','yash@gmail.com',1,1,'2014-12-08 06:35:05');

#
# Structure for table "auth_user_groups"
#

DROP TABLE IF EXISTS `auth_user_groups`;
CREATE TABLE `auth_user_groups` (
  `id` int(11) NOT NULL AUTO_INCREMENT,
  `user_id` int(11) NOT NULL,
  `group_id` int(11) NOT NULL,
  PRIMARY KEY (`id`),
  UNIQUE KEY `user_id` (`user_id`,`group_id`),
  KEY `auth_user_groups_e8701ad4` (`user_id`),
  KEY `auth_user_groups_0e939a4f` (`group_id`),
  CONSTRAINT `auth_user_groups_group_id_30a071c9_fk_auth_group_id` FOREIGN KEY (`group_id`) REFERENCES `auth_group` (`id`),
  CONSTRAINT `auth_user_groups_user_id_24702650_fk_auth_user_id` FOREIGN KEY (`user_id`) REFERENCES `auth_user` (`id`)
) ENGINE=InnoDB DEFAULT CHARSET=latin1;

#
# Data for table "auth_user_groups"
#


#
# Structure for table "corsheaders_corsmodel"
#

DROP TABLE IF EXISTS `corsheaders_corsmodel`;
CREATE TABLE `corsheaders_corsmodel` (
  `id` int(11) NOT NULL AUTO_INCREMENT,
  `cors` varchar(255) NOT NULL,
  PRIMARY KEY (`id`)
) ENGINE=InnoDB DEFAULT CHARSET=latin1;

#
# Data for table "corsheaders_corsmodel"
#


#
# Structure for table "django_content_type"
#

DROP TABLE IF EXISTS `django_content_type`;
CREATE TABLE `django_content_type` (
  `id` int(11) NOT NULL AUTO_INCREMENT,
  `name` varchar(100) NOT NULL,
  `app_label` varchar(100) NOT NULL,
  `model` varchar(100) NOT NULL,
  PRIMARY KEY (`id`),
  UNIQUE KEY `django_content_type_app_label_3ec8c61c_uniq` (`app_label`,`model`)
) ENGINE=InnoDB AUTO_INCREMENT=16 DEFAULT CHARSET=latin1;

#
# Data for table "django_content_type"
#

INSERT INTO `django_content_type` VALUES (1,'log entry','admin','logentry'),(2,'permission','auth','permission'),(3,'group','auth','group'),(4,'user','auth','user'),(5,'content type','contenttypes','contenttype'),(6,'session','sessions','session'),(7,'cors model','corsheaders','corsmodel'),(8,'user','api','user'),(9,'roles','api','roles'),(10,'organisation','api','organisation'),(11,'devices','api','devices'),(12,'stores','api','stores'),(13,'rewards','api','rewards'),(14,'membership','api','membership'),(15,'stamptransaction','api','stamptransaction');

#
# Structure for table "django_admin_log"
#

DROP TABLE IF EXISTS `django_admin_log`;
CREATE TABLE `django_admin_log` (
  `id` int(11) NOT NULL AUTO_INCREMENT,
  `action_time` datetime NOT NULL,
  `object_id` longtext,
  `object_repr` varchar(200) NOT NULL,
  `action_flag` smallint(5) unsigned NOT NULL,
  `change_message` longtext NOT NULL,
  `content_type_id` int(11) DEFAULT NULL,
  `user_id` int(11) NOT NULL,
  PRIMARY KEY (`id`),
  KEY `django_admin_log_417f1b1c` (`content_type_id`),
  KEY `django_admin_log_e8701ad4` (`user_id`),
  CONSTRAINT `django_admin_log_user_id_1c5f563_fk_auth_user_id` FOREIGN KEY (`user_id`) REFERENCES `auth_user` (`id`),
  CONSTRAINT `django_admin__content_type_id_5151027a_fk_django_content_type_id` FOREIGN KEY (`content_type_id`) REFERENCES `django_content_type` (`id`)
) ENGINE=InnoDB DEFAULT CHARSET=latin1;

#
# Data for table "django_admin_log"
#


#
# Structure for table "auth_permission"
#

DROP TABLE IF EXISTS `auth_permission`;
CREATE TABLE `auth_permission` (
  `id` int(11) NOT NULL AUTO_INCREMENT,
  `name` varchar(50) NOT NULL,
  `content_type_id` int(11) NOT NULL,
  `codename` varchar(100) NOT NULL,
  PRIMARY KEY (`id`),
  UNIQUE KEY `content_type_id` (`content_type_id`,`codename`),
  KEY `auth_permission_417f1b1c` (`content_type_id`),
  CONSTRAINT `auth_permissi_content_type_id_51277a81_fk_django_content_type_id` FOREIGN KEY (`content_type_id`) REFERENCES `django_content_type` (`id`)
) ENGINE=InnoDB AUTO_INCREMENT=46 DEFAULT CHARSET=latin1;

#
# Data for table "auth_permission"
#

INSERT INTO `auth_permission` VALUES (1,'Can add log entry',1,'add_logentry'),(2,'Can change log entry',1,'change_logentry'),(3,'Can delete log entry',1,'delete_logentry'),(4,'Can add permission',2,'add_permission'),(5,'Can change permission',2,'change_permission'),(6,'Can delete permission',2,'delete_permission'),(7,'Can add group',3,'add_group'),(8,'Can change group',3,'change_group'),(9,'Can delete group',3,'delete_group'),(10,'Can add user',4,'add_user'),(11,'Can change user',4,'change_user'),(12,'Can delete user',4,'delete_user'),(13,'Can add content type',5,'add_contenttype'),(14,'Can change content type',5,'change_contenttype'),(15,'Can delete content type',5,'delete_contenttype'),(16,'Can add session',6,'add_session'),(17,'Can change session',6,'change_session'),(18,'Can delete session',6,'delete_session'),(19,'Can add cors model',7,'add_corsmodel'),(20,'Can change cors model',7,'change_corsmodel'),(21,'Can delete cors model',7,'delete_corsmodel'),(22,'Can add user',8,'add_user'),(23,'Can change user',8,'change_user'),(24,'Can delete user',8,'delete_user'),(25,'Can add roles',9,'add_roles'),(26,'Can change roles',9,'change_roles'),(27,'Can delete roles',9,'delete_roles'),(28,'Can add organisation',10,'add_organisation'),(29,'Can change organisation',10,'change_organisation'),(30,'Can delete organisation',10,'delete_organisation'),(31,'Can add devices',11,'add_devices'),(32,'Can change devices',11,'change_devices'),(33,'Can delete devices',11,'delete_devices'),(34,'Can add stores',12,'add_stores'),(35,'Can change stores',12,'change_stores'),(36,'Can delete stores',12,'delete_stores'),(37,'Can add rewards',13,'add_rewards'),(38,'Can change rewards',13,'change_rewards'),(39,'Can delete rewards',13,'delete_rewards'),(40,'Can add membership',14,'add_membership'),(41,'Can change membership',14,'change_membership'),(42,'Can delete membership',14,'delete_membership'),(43,'Can add stamptransaction',15,'add_stamptransaction'),(44,'Can change stamptransaction',15,'change_stamptransaction'),(45,'Can delete stamptransaction',15,'delete_stamptransaction');

#
# Structure for table "auth_user_user_permissions"
#

DROP TABLE IF EXISTS `auth_user_user_permissions`;
CREATE TABLE `auth_user_user_permissions` (
  `id` int(11) NOT NULL AUTO_INCREMENT,
  `user_id` int(11) NOT NULL,
  `permission_id` int(11) NOT NULL,
  PRIMARY KEY (`id`),
  UNIQUE KEY `user_id` (`user_id`,`permission_id`),
  KEY `auth_user_user_permissions_e8701ad4` (`user_id`),
  KEY `auth_user_user_permissions_8373b171` (`permission_id`),
  CONSTRAINT `auth_user_user_permissions_user_id_7cd7acb6_fk_auth_user_id` FOREIGN KEY (`user_id`) REFERENCES `auth_user` (`id`),
  CONSTRAINT `auth_user_user_perm_permission_id_3d7071f0_fk_auth_permission_id` FOREIGN KEY (`permission_id`) REFERENCES `auth_permission` (`id`)
) ENGINE=InnoDB DEFAULT CHARSET=latin1;

#
# Data for table "auth_user_user_permissions"
#


#
# Structure for table "auth_group_permissions"
#

DROP TABLE IF EXISTS `auth_group_permissions`;
CREATE TABLE `auth_group_permissions` (
  `id` int(11) NOT NULL AUTO_INCREMENT,
  `group_id` int(11) NOT NULL,
  `permission_id` int(11) NOT NULL,
  PRIMARY KEY (`id`),
  UNIQUE KEY `group_id` (`group_id`,`permission_id`),
  KEY `auth_group_permissions_0e939a4f` (`group_id`),
  KEY `auth_group_permissions_8373b171` (`permission_id`),
  CONSTRAINT `auth_group_permissions_group_id_58c48ba9_fk_auth_group_id` FOREIGN KEY (`group_id`) REFERENCES `auth_group` (`id`),
  CONSTRAINT `auth_group_permissi_permission_id_23962d04_fk_auth_permission_id` FOREIGN KEY (`permission_id`) REFERENCES `auth_permission` (`id`)
) ENGINE=InnoDB DEFAULT CHARSET=latin1;

#
# Data for table "auth_group_permissions"
#


#
# Structure for table "django_migrations"
#

DROP TABLE IF EXISTS `django_migrations`;
CREATE TABLE `django_migrations` (
  `id` int(11) NOT NULL AUTO_INCREMENT,
  `app` varchar(255) NOT NULL,
  `name` varchar(255) NOT NULL,
  `applied` datetime NOT NULL,
  PRIMARY KEY (`id`)
) ENGINE=InnoDB AUTO_INCREMENT=5 DEFAULT CHARSET=latin1;

#
# Data for table "django_migrations"
#

INSERT INTO `django_migrations` VALUES (1,'contenttypes','0001_initial','2014-12-08 06:34:50'),(2,'auth','0001_initial','2014-12-08 06:34:51'),(3,'admin','0001_initial','2014-12-08 06:34:52'),(4,'sessions','0001_initial','2014-12-08 06:34:52');

#
# Structure for table "django_session"
#

DROP TABLE IF EXISTS `django_session`;
CREATE TABLE `django_session` (
  `session_key` varchar(40) NOT NULL,
  `session_data` longtext NOT NULL,
  `expire_date` datetime NOT NULL,
  PRIMARY KEY (`session_key`),
  KEY `django_session_de54fa62` (`expire_date`)
) ENGINE=InnoDB DEFAULT CHARSET=latin1;

#
# Data for table "django_session"
#

INSERT INTO `django_session` VALUES ('6keivwwohm7qtxnp727x0cp3dbonavvs','MjQzYTQ0MDcxM2YyNjcyZjUxODdmYjU1NTliYmY0ODgxOTc3YTJlZDp7fQ==','2014-12-23 09:05:00'),('d64ts96b09qjdggcm3an043qzrb8abyg','MjQzYTQ0MDcxM2YyNjcyZjUxODdmYjU1NTliYmY0ODgxOTc3YTJlZDp7fQ==','2014-12-22 08:48:57');
